pdb_file,pdb_path,model_id,confidence_score,ptm,iptm,ligand_iptm,protein_iptm,complex_plddt,complex_iplddt,complex_pde,complex_ipde,chains_ptm_0,chains_ptm_1,pair_chains_iptm_0_0,pair_chains_iptm_0_1,pair_chains_iptm_1_0,pair_chains_iptm_1_1,min_distance,mean_distance,distances_under_4A,distances_under_5A,distances_under_6A,std_distance,median_distance,total_contacts,contacts_per_ligand_atom,hydrophobic_contacts,polar_contacts,num_contacting_residues,potential_hbonds,ligand_binding_site_distance,binding_site_size,pocket_span_x,pocket_span_y,pocket_span_z,pocket_volume_approx,ligand_span_x,ligand_span_y,ligand_span_z,ligand_volume_approx,ligand_heavy_atoms,ligand_carbon_count,ligand_nitrogen_count,ligand_oxygen_count,ligand_sulfur_count,ligand_other_count
3NXU_ORTHOSTERIC_RIT_config_0_model_0.pdb,/data/server2/jl126/boltz-hackthon/boltz-hackathon-template/my_intermediate/predictions/boltz_results_3NXU_ORTHOSTERIC_RIT_config_0/predictions/3NXU_ORTHOSTERIC_RIT_config_0/3NXU_ORTHOSTERIC_RIT_config_0_model_0.pdb,3NXU_ORTHOSTERIC_RIT_config_0_model_0,0.8940001726150513,0.9466509222984314,0.928346574306488,0.928346574306488,0.0,0.8854135274887085,0.8354505300521851,0.5361339449882507,1.4715490341186523,0.9488563537597656,0.8580647110939026,0.9488563537597656,0.5071985125541687,0.928346574306488,0.8580647110939026,2.3029500645910677,23.784926904738256,105,399,997,8.58182623542311,23.218166917235123,207,4.14,112,31,25,6,2.1342053755889085,36,13.807,13.041,12.111,2180.6713806570006,14.676,13.538,12.855,2554.0788092400003,50,37,6,5,2,0
3NXU_ORTHOSTERIC_RIT_config_0_model_1.pdb,/data/server2/jl126/boltz-hackthon/boltz-hackathon-template/my_intermediate/predictions/boltz_results_3NXU_ORTHOSTERIC_RIT_config_0/predictions/3NXU_ORTHOSTERIC_RIT_config_0/3NXU_ORTHOSTERIC_RIT_config_0_model_1.pdb,3NXU_ORTHOSTERIC_RIT_config_0_model_1,0.8903629183769226,0.9429383277893066,0.916625440120697,0.916625440120697,0.0,0.8837973475456238,0.81693035364151,0.5816916823387146,1.7549002170562744,0.9463819861412048,0.8691561222076416,0.9463819861412048,0.523705005645752,0.916625440120697,0.8691561222076416,2.66292714883453,23.085644266238763,81,344,875,7.514454748625295,23.007770339600157,178,3.56,99,48,27,3,1.4535996185635054,39,10.997,14.236,12.324000000000002,1929.3627706080003,11.36,11.58,14.169,1863.9149472000001,50,37,6,5,2,0
3NXU_ORTHOSTERIC_RIT_config_0_model_10.pdb,/data/server2/jl126/boltz-hackthon/boltz-hackathon-template/my_intermediate/predictions/boltz_results_3NXU_ORTHOSTERIC_RIT_config_0/predictions/3NXU_ORTHOSTERIC_RIT_config_0/3NXU_ORTHOSTERIC_RIT_config_0_model_10.pdb,3NXU_ORTHOSTERIC_RIT_config_0_model_10,0.877399742603302,0.937864363193512,0.9095485210418701,0.9095485210418701,0.0,0.8693625330924988,0.7904807925224304,0.6047679781913757,1.7546533346176147,0.9416353106498718,0.833113431930542,0.9416353106498718,0.4618853032588959,0.9095485210418701,0.833113431930542,2.6413286429371112,23.141974208612535,81,363,921,7.686869484693713,22.927455168235575,211,4.22,137,46,26,3,1.2667436769360296,37,12.192,14.492,13.624,2407.176385536,15.672,9.665,10.922,1654.35402936,50,37,6,5,2,0
3NXU_ORTHOSTERIC_RIT_config_0_model_11.pdb,/data/server2/jl126/boltz-hackthon/boltz-hackathon-template/my_intermediate/predictions/boltz_results_3NXU_ORTHOSTERIC_RIT_config_0/predictions/3NXU_ORTHOSTERIC_RIT_config_0/3NXU_ORTHOSTERIC_RIT_config_0_model_11.pdb,3NXU_ORTHOSTERIC_RIT_config_0_model_11,0.8771024942398071,0.9313265085220337,0.8932791948318481,0.8932791948318481,0.0,0.8730582594871521,0.8129643797874451,0.6517950892448425,2.115865468978882,0.936130702495575,0.8514143228530884,0.936130702495575,0.46367886662483215,0.8932791948318481,0.8514143228530884,2.5276188399361166,23.394415253136362,98,350,922,8.166358019421393,22.984420451175673,193,3.86,84,24,30,1,1.566845072522772,45,14.424,13.54,12.942,2527.58502432,12.572,17.532,10.198,2247.764676192,50,37,6,5,2,0
3NXU_ORTHOSTERIC_RIT_config_0_model_12.pdb,/data/server2/jl126/boltz-hackthon/boltz-hackathon-template/my_intermediate/predictions/boltz_results_3NXU_ORTHOSTERIC_RIT_config_0/predictions/3NXU_ORTHOSTERIC_RIT_config_0/3NXU_ORTHOSTERIC_RIT_config_0_model_12.pdb,3NXU_ORTHOSTERIC_RIT_config_0_model_12,0.8769511580467224,0.9306700825691223,0.8742501139640808,0.8742501139640808,0.0,0.877626359462738,0.8050102591514587,0.6984589695930481,2.460319995880127,0.936801016330719,0.8024998307228088,0.936801016330719,0.3593778908252716,0.8742501139640808,0.8024998307228088,2.704186014311885,23.715449900427874,79,350,908,8.414889327030101,23.236485405471903,183,3.66,129,26,28,0,0.7916723560251008,42,12.449,13.55,14.322,2415.8915319,16.003,12.623000000000001,9.687,1956.8308530030001,50,37,6,5,2,0
3NXU_ORTHOSTERIC_RIT_config_0_model_13.pdb,/data/server2/jl126/boltz-hackthon/boltz-hackathon-template/my_intermediate/predictions/boltz_results_3NXU_ORTHOSTERIC_RIT_config_0/predictions/3NXU_ORTHOSTERIC_RIT_config_0/3NXU_ORTHOSTERIC_RIT_config_0_model_13.pdb,3NXU_ORTHOSTERIC_RIT_config_0_model_13,0.8767854571342468,0.9325427412986755,0.9119227528572083,0.9119227528572083,0.0,0.8680011630058289,0.7561067342758179,0.6167593002319336,1.8400566577911377,0.9352807402610779,0.8597651124000549,0.9352807402610779,0.4823044240474701,0.9119227528572083,0.8597651124000549,2.574954174349517,23.271606671799326,82,312,839,7.808592749405408,23.00420350650552,157,3.14,102,25,27,1,0.5651579524381182,41,14.381,15.315,13.712,3019.99964568,7.98,13.323,16.283,1731.1685038200003,50,37,6,5,2,0
3NXU_ORTHOSTERIC_RIT_config_0_model_14.pdb,/data/server2/jl126/boltz-hackthon/boltz-hackathon-template/my_intermediate/predictions/boltz_results_3NXU_ORTHOSTERIC_RIT_config_0/predictions/3NXU_ORTHOSTERIC_RIT_config_0/3NXU_ORTHOSTERIC_RIT_config_0_model_14.pdb,3NXU_ORTHOSTERIC_RIT_config_0_model_14,0.8762879371643066,0.9309961795806885,0.8840619921684265,0.8840619921684265,0.0,0.8743444681167603,0.7938624024391174,0.6973451972007751,2.409791946411133,0.9370086193084717,0.8420388102531433,0.9370086193084717,0.4634189307689667,0.8840619921684265,0.8420388102531433,2.58489845061658,23.112297723480644,72,310,786,7.552185052031936,22.95073521697578,154,3.08,116,34,22,1,2.034486378892512,38,14.097999999999999,15.454999999999998,14.62,3185.472705799999,10.453,11.774999999999999,14.154,1742.1319975499998,50,37,6,5,2,0
3NXU_ORTHOSTERIC_RIT_config_0_model_15.pdb,/data/server2/jl126/boltz-hackthon/boltz-hackathon-template/my_intermediate/predictions/boltz_results_3NXU_ORTHOSTERIC_RIT_config_0/predictions/3NXU_ORTHOSTERIC_RIT_config_0/3NXU_ORTHOSTERIC_RIT_config_0_model_15.pdb,3NXU_ORTHOSTERIC_RIT_config_0_model_15,0.8760073781013489,0.9361711740493774,0.8759887218475342,0.8759887218475342,0.0,0.8760120272636414,0.7796639204025269,0.6610013842582703,2.2264883518218994,0.9429751038551331,0.7960371375083923,0.9429751038551331,0.373052179813385,0.8759887218475342,0.7960371375083923,2.1830210718176772,23.61569522445081,71,306,823,8.236688110905895,23.16234908207715,161,3.22,94,28,26,3,1.0671030636745924,45,14.55,15.051,13.184000000000001,2887.1911872000005,8.958,10.277,15.999999999999998,1472.9818559999997,50,37,6,5,2,0
3NXU_ORTHOSTERIC_RIT_config_0_model_16.pdb,/data/server2/jl126/boltz-hackthon/boltz-hackathon-template/my_intermediate/predictions/boltz_results_3NXU_ORTHOSTERIC_RIT_config_0/predictions/3NXU_ORTHOSTERIC_RIT_config_0/3NXU_ORTHOSTERIC_RIT_config_0_model_16.pdb,3NXU_ORTHOSTERIC_RIT_config_0_model_16,0.8755965232849121,0.9316536784172058,0.8763408064842224,0.8763408064842224,0.0,0.8754104971885681,0.8173574209213257,0.6815154552459717,2.278160333633423,0.9383548498153687,0.8133660554885864,0.9383548498153687,0.3918589651584625,0.8763408064842224,0.8133660554885864,2.5836054265309163,23.200261048778987,133,470,1125,7.735912108315692,23.102138180257022,259,5.18,155,65,31,4,1.5916465585433954,53,15.27,13.283999999999999,14.791,3000.3052438799996,12.219,12.259,10.868,1627.947291828,50,37,6,5,2,0
3NXU_ORTHOSTERIC_RIT_config_0_model_17.pdb,/data/server2/jl126/boltz-hackthon/boltz-hackathon-template/my_intermediate/predictions/boltz_results_3NXU_ORTHOSTERIC_RIT_config_0/predictions/3NXU_ORTHOSTERIC_RIT_config_0/3NXU_ORTHOSTERIC_RIT_config_0_model_17.pdb,3NXU_ORTHOSTERIC_RIT_config_0_model_17,0.8745525479316711,0.9318615794181824,0.8827758431434631,0.8827758431434631,0.0,0.8724967241287231,0.7968646287918091,0.6613646149635315,2.1579391956329346,0.9372622966766357,0.835239827632904,0.9372622966766357,0.4541475772857666,0.8827758431434631,0.835239827632904,2.751793051811855,23.187456903059548,83,333,907,7.840281351977497,22.870271401852516,174,3.48,92,33,31,1,1.0821442379827855,39,13.987,13.347999999999999,14.269,2664.000554044,10.171,15.877,14.355,2318.1167012849996,50,37,6,5,2,0
3NXU_ORTHOSTERIC_RIT_config_0_model_18.pdb,/data/server2/jl126/boltz-hackthon/boltz-hackathon-template/my_intermediate/predictions/boltz_results_3NXU_ORTHOSTERIC_RIT_config_0/predictions/3NXU_ORTHOSTERIC_RIT_config_0/3NXU_ORTHOSTERIC_RIT_config_0_model_18.pdb,3NXU_ORTHOSTERIC_RIT_config_0_model_18,0.8740296363830566,0.9375334978103638,0.9037556648254395,0.9037556648254395,0.0,0.8665981292724609,0.8309872150421143,0.6226763129234314,2.149613380432129,0.9422236084938049,0.8722976446151733,0.9422236084938049,0.5093798637390137,0.9037556648254395,0.8722976446151733,2.5605698584494823,23.208604498899575,100,396,987,7.543703559874357,23.137552225708635,202,4.04,140,52,26,2,1.748784825658879,51,14.36,15.047,14.667000000000002,3169.1708516400004,12.292,13.72,8.898,1500.61424352,50,37,6,5,2,0
3NXU_ORTHOSTERIC_RIT_config_0_model_19.pdb,/data/server2/jl126/boltz-hackthon/boltz-hackathon-template/my_intermediate/predictions/boltz_results_3NXU_ORTHOSTERIC_RIT_config_0/predictions/3NXU_ORTHOSTERIC_RIT_config_0/3NXU_ORTHOSTERIC_RIT_config_0_model_19.pdb,3NXU_ORTHOSTERIC_RIT_config_0_model_19,0.8739711046218872,0.93482506275177,0.9062134623527527,0.9062134623527527,0.0,0.865910530090332,0.8047223091125488,0.6301385164260864,1.9519517421722412,0.9381647109985352,0.8505420088768005,0.9381647109985352,0.45591339468955994,0.9062134623527527,0.8505420088768005,2.8412762977225574,23.606195082958266,70,341,878,8.130751435865136,23.27750334550005,178,3.56,90,22,26,1,1.3181103292234477,38,14.012,12.461,14.13,2467.14790716,11.86,16.928,10.224,2052.63240192,50,37,6,5,2,0
3NXU_ORTHOSTERIC_RIT_config_0_model_2.pdb,/data/server2/jl126/boltz-hackthon/boltz-hackathon-template/my_intermediate/predictions/boltz_results_3NXU_ORTHOSTERIC_RIT_config_0/predictions/3NXU_ORTHOSTERIC_RIT_config_0/3NXU_ORTHOSTERIC_RIT_config_0_model_2.pdb,3NXU_ORTHOSTERIC_RIT_config_0_model_2,0.8902810215950012,0.9483144879341125,0.9326791763305664,0.9326791763305664,0.0,0.8796814680099487,0.7974907755851746,0.5279078483581543,1.4631977081298828,0.9504985213279724,0.8789764046669006,0.9504985213279724,0.5496244430541992,0.9326791763305664,0.8789764046669006,2.1832695664988324,23.13788520594799,95,389,1025,7.910549365764341,22.817608244511366,215,4.3,162,28,28,3,0.8476429532648718,39,13.540999999999999,13.911000000000001,13.421000000000001,2528.098349271,8.044,13.132,16.35,1727.1127608000002,50,37,6,5,2,0
3NXU_ORTHOSTERIC_RIT_config_0_model_20.pdb,/data/server2/jl126/boltz-hackthon/boltz-hackathon-template/my_intermediate/predictions/boltz_results_3NXU_ORTHOSTERIC_RIT_config_0/predictions/3NXU_ORTHOSTERIC_RIT_config_0/3NXU_ORTHOSTERIC_RIT_config_0_model_20.pdb,3NXU_ORTHOSTERIC_RIT_config_0_model_20,0.8733764886856079,0.9338085651397705,0.8679197430610657,0.8679197430610657,0.0,0.8747406601905823,0.7718456387519836,0.6626601815223694,2.1067700386047363,0.9413825869560242,0.7988860607147217,0.9413825869560242,0.36969006061553955,0.8679197430610657,0.7988860607147217,2.856116594258715,23.244150052230964,89,343,829,7.804229422105702,22.91674776224381,188,3.76,70,56,25,3,1.779350317475802,27,10.1,12.873,13.299,1729.1000726999996,13.364,9.744,15.498000000000001,2018.1312103680002,50,37,6,5,2,0
3NXU_ORTHOSTERIC_RIT_config_0_model_21.pdb,/data/server2/jl126/boltz-hackthon/boltz-hackathon-template/my_intermediate/predictions/boltz_results_3NXU_ORTHOSTERIC_RIT_config_0/predictions/3NXU_ORTHOSTERIC_RIT_config_0/3NXU_ORTHOSTERIC_RIT_config_0_model_21.pdb,3NXU_ORTHOSTERIC_RIT_config_0_model_21,0.8729111552238464,0.9361034631729126,0.8832082152366638,0.8832082152366638,0.0,0.8703368902206421,0.7723345160484314,0.6789827942848206,2.370025396347046,0.9424316883087158,0.7994971871376038,0.9424316883087158,0.39173251390457153,0.8832082152366638,0.7994971871376038,2.159210272298648,23.005692381488448,91,377,957,7.7075400811488635,22.789783171407407,194,3.88,110,56,28,3,0.9782782842927416,48,14.754999999999999,14.536999999999999,14.036,3010.6298536599998,11.615,9.552,17.095,1896.6300755999998,50,37,6,5,2,0
3NXU_ORTHOSTERIC_RIT_config_0_model_22.pdb,/data/server2/jl126/boltz-hackthon/boltz-hackathon-template/my_intermediate/predictions/boltz_results_3NXU_ORTHOSTERIC_RIT_config_0/predictions/3NXU_ORTHOSTERIC_RIT_config_0/3NXU_ORTHOSTERIC_RIT_config_0_model_22.pdb,3NXU_ORTHOSTERIC_RIT_config_0_model_22,0.8728625178337097,0.9372652173042297,0.8822159767150879,0.8822159767150879,0.0,0.8705241680145264,0.7798296809196472,0.646088182926178,2.118187189102173,0.9431850910186768,0.829827070236206,0.9431850910186768,0.40981677174568176,0.8822159767150879,0.829827070236206,2.8454147325126433,23.26401304793003,86,351,908,7.970090494488012,22.903891961735,195,3.9,111,42,25,2,1.4176005529271327,37,11.654,14.463,12.115,2042.0050812299999,13.328,8.15,11.956,1298.6989792,50,37,6,5,2,0
3NXU_ORTHOSTERIC_RIT_config_0_model_23.pdb,/data/server2/jl126/boltz-hackthon/boltz-hackathon-template/my_intermediate/predictions/boltz_results_3NXU_ORTHOSTERIC_RIT_config_0/predictions/3NXU_ORTHOSTERIC_RIT_config_0/3NXU_ORTHOSTERIC_RIT_config_0_model_23.pdb,3NXU_ORTHOSTERIC_RIT_config_0_model_23,0.8719383478164673,0.9284957647323608,0.8676472306251526,0.8676472306251526,0.0,0.87301105260849,0.756968080997467,0.6874123215675354,2.259624719619751,0.9352849721908569,0.8018127679824829,0.9352849721908569,0.3555571734905243,0.8676472306251526,0.8018127679824829,2.8100834507181456,23.301650535138783,79,334,863,7.910039822782808,23.017310301162357,169,3.38,101,25,26,0,0.8239889334665158,42,12.545,13.995000000000001,12.331,2164.920068025,10.914,11.95,12.305,1604.8464014999997,50,37,6,5,2,0
3NXU_ORTHOSTERIC_RIT_config_0_model_24.pdb,/data/server2/jl126/boltz-hackthon/boltz-hackathon-template/my_intermediate/predictions/boltz_results_3NXU_ORTHOSTERIC_RIT_config_0/predictions/3NXU_ORTHOSTERIC_RIT_config_0/3NXU_ORTHOSTERIC_RIT_config_0_model_24.pdb,3NXU_ORTHOSTERIC_RIT_config_0_model_24,0.8717353940010071,0.9327408671379089,0.8858730792999268,0.8858730792999268,0.0,0.8682008981704712,0.8045637011528015,0.6655368804931641,2.167968511581421,0.9385164380073547,0.8463634252548218,0.9385164380073547,0.4795900285243988,0.8858730792999268,0.8463634252548218,2.4447828124395836,22.957349103761302,86,392,1036,7.47881441166656,22.949122957097913,204,4.08,138,39,30,2,2.140022420361714,49,14.578,11.547,15.219999999999999,2562.01556652,10.564,12.019,15.203,1930.3053893479998,50,37,6,5,2,0
3NXU_ORTHOSTERIC_RIT_config_0_model_25.pdb,/data/server2/jl126/boltz-hackthon/boltz-hackathon-template/my_intermediate/predictions/boltz_results_3NXU_ORTHOSTERIC_RIT_config_0/predictions/3NXU_ORTHOSTERIC_RIT_config_0/3NXU_ORTHOSTERIC_RIT_config_0_model_25.pdb,3NXU_ORTHOSTERIC_RIT_config_0_model_25,0.8708640336990356,0.9320053458213806,0.8688656091690063,0.8688656091690063,0.0,0.8713635802268982,0.7779601216316223,0.6823982000350952,2.187858819961548,0.9397819638252258,0.77811199426651,0.9397819638252258,0.3792475759983063,0.8688656091690063,0.77811199426651,2.9131702662220067,23.416042704790346,63,346,885,7.952771235382331,23.174245672728546,185,3.7,119,28,26,1,1.0134517310778515,36,14.122,13.426,15.193,2880.622760596,11.646999999999998,12.931,10.692,1610.2938610439999,50,37,6,5,2,0
3NXU_ORTHOSTERIC_RIT_config_0_model_26.pdb,/data/server2/jl126/boltz-hackthon/boltz-hackathon-template/my_intermediate/predictions/boltz_results_3NXU_ORTHOSTERIC_RIT_config_0/predictions/3NXU_ORTHOSTERIC_RIT_config_0/3NXU_ORTHOSTERIC_RIT_config_0_model_26.pdb,3NXU_ORTHOSTERIC_RIT_config_0_model_26,0.8707860112190247,0.9331340193748474,0.8865688443183899,0.8865688443183899,0.0,0.8668403029441833,0.7716582417488098,0.6326903104782104,1.8836690187454224,0.9386021494865417,0.8174822926521301,0.9386021494865417,0.3921727240085602,0.8865688443183899,0.8174822926521301,2.1191283585474476,22.94848453256951,110,376,902,7.463951045401208,22.844745785311332,211,4.22,114,40,29,2,0.8351149577336457,38,15.105,14.625,13.896,3069.774045,11.231,9.702,13.425999999999998,1462.9394130119997,50,37,6,5,2,0
3NXU_ORTHOSTERIC_RIT_config_0_model_27.pdb,/data/server2/jl126/boltz-hackthon/boltz-hackathon-template/my_intermediate/predictions/boltz_results_3NXU_ORTHOSTERIC_RIT_config_0/predictions/3NXU_ORTHOSTERIC_RIT_config_0/3NXU_ORTHOSTERIC_RIT_config_0_model_27.pdb,3NXU_ORTHOSTERIC_RIT_config_0_model_27,0.8705806732177734,0.9375866651535034,0.8921898603439331,0.8921898603439331,0.0,0.8651783466339111,0.7500516176223755,0.6611926555633545,2.3812875747680664,0.942938506603241,0.8350449800491333,0.942938506603241,0.44093024730682373,0.8921898603439331,0.8350449800491333,2.87701946465435,23.425911827743732,65,326,866,8.082380988201932,23.008321364234195,170,3.4,122,19,22,2,1.7047803282809393,33,13.04,13.902000000000001,13.74,2490.8157792,15.264000000000001,9.637,10.733,1578.8153701440003,50,37,6,5,2,0
3NXU_ORTHOSTERIC_RIT_config_0_model_28.pdb,/data/server2/jl126/boltz-hackthon/boltz-hackathon-template/my_intermediate/predictions/boltz_results_3NXU_ORTHOSTERIC_RIT_config_0/predictions/3NXU_ORTHOSTERIC_RIT_config_0/3NXU_ORTHOSTERIC_RIT_config_0_model_28.pdb,3NXU_ORTHOSTERIC_RIT_config_0_model_28,0.8702970743179321,0.9324448704719543,0.8586121201515198,0.8586121201515198,0.0,0.8732182383537292,0.804353654384613,0.7055818438529968,2.3835649490356445,0.9407485723495483,0.7557602524757385,0.9407485723495483,0.3622857332229614,0.8586121201515198,0.7557602524757385,2.633840921544048,23.51220984006308,88,356,972,8.18578710324317,23.120664858519483,179,3.58,105,21,27,4,0.8167942263190571,45,14.038,13.292000000000002,14.275,2663.6164454000004,11.201999999999998,18.715,11.376000000000001,2384.92641168,50,37,6,5,2,0
3NXU_ORTHOSTERIC_RIT_config_0_model_29.pdb,/data/server2/jl126/boltz-hackthon/boltz-hackathon-template/my_intermediate/predictions/boltz_results_3NXU_ORTHOSTERIC_RIT_config_0/predictions/3NXU_ORTHOSTERIC_RIT_config_0/3NXU_ORTHOSTERIC_RIT_config_0_model_29.pdb,3NXU_ORTHOSTERIC_RIT_config_0_model_29,0.8701179623603821,0.9379794597625732,0.8831164240837097,0.8831164240837097,0.0,0.8668683767318726,0.7888178825378418,0.6753374338150024,2.341970443725586,0.9449244141578674,0.7997626662254333,0.9449244141578674,0.40343746542930603,0.8831164240837097,0.7997626662254333,2.417858970246197,23.558931647992026,90,416,1049,8.081127736295798,23.253589314328977,209,4.18,108,29,26,2,1.4222300489176354,41,14.036,12.622,14.302,2533.7765303839997,11.934,13.875,15.450000000000001,2558.2766625,50,37,6,5,2,0
3NXU_ORTHOSTERIC_RIT_config_0_model_3.pdb,/data/server2/jl126/boltz-hackthon/boltz-hackathon-template/my_intermediate/predictions/boltz_results_3NXU_ORTHOSTERIC_RIT_config_0/predictions/3NXU_ORTHOSTERIC_RIT_config_0/3NXU_ORTHOSTERIC_RIT_config_0_model_3.pdb,3NXU_ORTHOSTERIC_RIT_config_0_model_3,0.8886090517044067,0.9415091276168823,0.9192155003547668,0.9192155003547668,0.0,0.8809573650360107,0.8306754231452942,0.5783063769340515,1.7510100603103638,0.9445334076881409,0.860477089881897,0.9445334076881409,0.5033332705497742,0.9192155003547668,0.860477089881897,2.901724487266149,23.591643824159164,60,341,871,8.23961322269659,23.133758946288474,165,3.3,75,33,26,3,1.4431550915174458,44,13.684000000000001,14.244,14.443,2815.155842928,14.596,12.463999999999999,9.939,1808.1480428159996,50,37,6,5,2,0
3NXU_ORTHOSTERIC_RIT_config_0_model_30.pdb,/data/server2/jl126/boltz-hackthon/boltz-hackathon-template/my_intermediate/predictions/boltz_results_3NXU_ORTHOSTERIC_RIT_config_0/predictions/3NXU_ORTHOSTERIC_RIT_config_0/3NXU_ORTHOSTERIC_RIT_config_0_model_30.pdb,3NXU_ORTHOSTERIC_RIT_config_0_model_30,0.8698631525039673,0.9405590891838074,0.8819085359573364,0.8819085359573364,0.0,0.8668517470359802,0.7484047412872314,0.637822687625885,2.0762457847595215,0.9477546215057373,0.8316253423690796,0.9477546215057373,0.41692274808883667,0.8819085359573364,0.8316253423690796,2.9362367070793183,23.088651659877662,74,364,896,7.892567422439027,22.7595420208581,202,4.04,106,30,24,3,0.7689830046087908,34,11.399000000000001,14.564,14.838999999999999,2463.497119204,20.325,7.872,8.947,1431.5056848,50,37,6,5,2,0
3NXU_ORTHOSTERIC_RIT_config_0_model_31.pdb,/data/server2/jl126/boltz-hackthon/boltz-hackathon-template/my_intermediate/predictions/boltz_results_3NXU_ORTHOSTERIC_RIT_config_0/predictions/3NXU_ORTHOSTERIC_RIT_config_0/3NXU_ORTHOSTERIC_RIT_config_0_model_31.pdb,3NXU_ORTHOSTERIC_RIT_config_0_model_31,0.8692007064819336,0.9370052814483643,0.8719238638877869,0.8719238638877869,0.0,0.8685199022293091,0.7695828676223755,0.6604055166244507,2.0694169998168945,0.9443578124046326,0.7674779295921326,0.9443578124046326,0.38664111495018005,0.8719238638877869,0.7674779295921326,2.7142118561379838,23.47278964007103,101,367,901,7.992778538022868,23.172942950632688,210,4.2,148,35,24,2,1.1364240929006209,40,14.544,13.663,13.508,2684.237789376,11.827,12.017,15.376,2185.314907184,50,37,6,5,2,0
3NXU_ORTHOSTERIC_RIT_config_0_model_32.pdb,/data/server2/jl126/boltz-hackthon/boltz-hackathon-template/my_intermediate/predictions/boltz_results_3NXU_ORTHOSTERIC_RIT_config_0/predictions/3NXU_ORTHOSTERIC_RIT_config_0/3NXU_ORTHOSTERIC_RIT_config_0_model_32.pdb,3NXU_ORTHOSTERIC_RIT_config_0_model_32,0.8676214218139648,0.9331784248352051,0.850121796131134,0.850121796131134,0.0,0.8719963431358337,0.7575871348381042,0.7406682968139648,2.79233717918396,0.9418472051620483,0.800798773765564,0.9418472051620483,0.38205432891845703,0.850121796131134,0.800798773765564,2.993382200788934,23.49236567626283,73,348,888,8.119907602742694,23.070029030301,172,3.44,97,46,27,0,1.2119504134128678,34,14.442,14.454,11.997,2504.3097819960003,12.064,14.012,14.879999999999999,2515.32662784,50,37,6,5,2,0
3NXU_ORTHOSTERIC_RIT_config_0_model_33.pdb,/data/server2/jl126/boltz-hackthon/boltz-hackathon-template/my_intermediate/predictions/boltz_results_3NXU_ORTHOSTERIC_RIT_config_0/predictions/3NXU_ORTHOSTERIC_RIT_config_0/3NXU_ORTHOSTERIC_RIT_config_0_model_33.pdb,3NXU_ORTHOSTERIC_RIT_config_0_model_33,0.8673539161682129,0.9357805252075195,0.8647948503494263,0.8647948503494263,0.0,0.8679936528205872,0.7681463956832886,0.6808274984359741,2.2707207202911377,0.9445909261703491,0.8036201000213623,0.9445909261703491,0.3843748867511749,0.8647948503494263,0.8036201000213623,2.619157689029051,23.087437827632392,104,436,1073,7.85278576509897,22.77092684762679,226,4.52,105,39,29,3,0.9468018466338062,37,14.028,15.170000000000002,12.875,2739.8612850000004,12.234,7.998,19.447,1902.840954804,50,37,6,5,2,0
3NXU_ORTHOSTERIC_RIT_config_0_model_34.pdb,/data/server2/jl126/boltz-hackthon/boltz-hackathon-template/my_intermediate/predictions/boltz_results_3NXU_ORTHOSTERIC_RIT_config_0/predictions/3NXU_ORTHOSTERIC_RIT_config_0/3NXU_ORTHOSTERIC_RIT_config_0_model_34.pdb,3NXU_ORTHOSTERIC_RIT_config_0_model_34,0.8656662106513977,0.9216930270195007,0.8550663590431213,0.8550663590431213,0.0,0.868316113948822,0.7797597646713257,0.731426477432251,2.476926326751709,0.9292239546775818,0.8248737454414368,0.9292239546775818,0.40793129801750183,0.8550663590431213,0.8248737454414368,2.632274491765629,23.116002154977913,82,350,888,7.7002308823050925,22.858027517033015,188,3.76,108,36,26,2,1.424552149774844,32,10.825999999999999,13.597000000000001,14.27,2100.5600109399998,18.502,9.907,10.731,1966.9849385339999,50,37,6,5,2,0
3NXU_ORTHOSTERIC_RIT_config_0_model_35.pdb,/data/server2/jl126/boltz-hackthon/boltz-hackathon-template/my_intermediate/predictions/boltz_results_3NXU_ORTHOSTERIC_RIT_config_0/predictions/3NXU_ORTHOSTERIC_RIT_config_0/3NXU_ORTHOSTERIC_RIT_config_0_model_35.pdb,3NXU_ORTHOSTERIC_RIT_config_0_model_35,0.8651086091995239,0.9281654357910156,0.8627501130104065,0.8627501130104065,0.0,0.8656982183456421,0.7557593584060669,0.698994517326355,2.2405927181243896,0.9356253743171692,0.809529185295105,0.9356253743171692,0.38968366384506226,0.8627501130104065,0.809529185295105,2.5956234318560165,22.864122825757068,103,368,905,7.5170133471181355,22.72902012813777,214,4.28,129,49,23,3,1.0980094430186045,45,15.239,13.439,15.135000000000002,3099.601399335,11.815,12.507,8.38,1238.3143178999999,50,37,6,5,2,0
3NXU_ORTHOSTERIC_RIT_config_0_model_36.pdb,/data/server2/jl126/boltz-hackthon/boltz-hackathon-template/my_intermediate/predictions/boltz_results_3NXU_ORTHOSTERIC_RIT_config_0/predictions/3NXU_ORTHOSTERIC_RIT_config_0/3NXU_ORTHOSTERIC_RIT_config_0_model_36.pdb,3NXU_ORTHOSTERIC_RIT_config_0_model_36,0.8643250465393066,0.925952672958374,0.8413634896278381,0.8413634896278381,0.0,0.8700653910636902,0.785787045955658,0.807044267654419,3.3150794506073,0.9356980919837952,0.8076172471046448,0.9356980919837952,0.3610120713710785,0.8413634896278381,0.8076172471046448,2.6475245041358924,23.764449920286708,81,330,837,8.270259808965228,23.33495913859714,181,3.62,113,31,25,4,1.939089245365912,39,10.957,13.603,15.042000000000002,2241.9810839820007,19.064,9.845,11.437000000000001,2146.5542599600003,50,37,6,5,2,0
3NXU_ORTHOSTERIC_RIT_config_0_model_37.pdb,/data/server2/jl126/boltz-hackthon/boltz-hackathon-template/my_intermediate/predictions/boltz_results_3NXU_ORTHOSTERIC_RIT_config_0/predictions/3NXU_ORTHOSTERIC_RIT_config_0/3NXU_ORTHOSTERIC_RIT_config_0_model_37.pdb,3NXU_ORTHOSTERIC_RIT_config_0_model_37,0.8637458086013794,0.9291963577270508,0.8711317181587219,0.8711317181587219,0.0,0.8618992567062378,0.7423808574676514,0.699662983417511,2.150041103363037,0.9364264607429504,0.8287665843963623,0.9364264607429504,0.44183701276779175,0.8711317181587219,0.8287665843963623,2.5128857912766343,22.752683001797184,94,392,939,7.374467264948862,22.697985978926646,209,4.18,111,69,23,2,1.4529542872836974,54,14.573,12.873999999999999,12.891,2418.516630582,12.208,6.376,11.357999999999999,884.086366464,50,37,6,5,2,0
3NXU_ORTHOSTERIC_RIT_config_0_model_38.pdb,/data/server2/jl126/boltz-hackthon/boltz-hackathon-template/my_intermediate/predictions/boltz_results_3NXU_ORTHOSTERIC_RIT_config_0/predictions/3NXU_ORTHOSTERIC_RIT_config_0/3NXU_ORTHOSTERIC_RIT_config_0_model_38.pdb,3NXU_ORTHOSTERIC_RIT_config_0_model_38,0.8633974194526672,0.9275434017181396,0.845491886138916,0.845491886138916,0.0,0.8678738474845886,0.7632290720939636,0.7259448766708374,2.48962664604187,0.9370371103286743,0.7846179604530334,0.9370371103286743,0.32485899329185486,0.845491886138916,0.7846179604530334,2.647241960985055,23.162852754530803,78,359,880,7.837757798513474,22.807633546682027,181,3.62,95,26,20,2,1.5590625072067428,30,12.121,13.151,13.09,2086.58881739,8.773,13.424,12.209000000000001,1437.838693168,50,37,6,5,2,0
3NXU_ORTHOSTERIC_RIT_config_0_model_39.pdb,/data/server2/jl126/boltz-hackthon/boltz-hackathon-template/my_intermediate/predictions/boltz_results_3NXU_ORTHOSTERIC_RIT_config_0/predictions/3NXU_ORTHOSTERIC_RIT_config_0/3NXU_ORTHOSTERIC_RIT_config_0_model_39.pdb,3NXU_ORTHOSTERIC_RIT_config_0_model_39,0.8626391291618347,0.9282630681991577,0.8516051769256592,0.8516051769256592,0.0,0.8653976321220398,0.7582351565361023,0.7345934510231018,2.6420884132385254,0.9371694326400757,0.7957370281219482,0.9371694326400757,0.38853347301483154,0.8516051769256592,0.7957370281219482,2.36584149934014,22.872066374343156,82,357,848,7.313914759021553,22.830398178632695,186,3.72,110,42,25,3,1.4783717374284355,37,14.509,12.376999999999999,13.785,2475.481255005,8.392,12.481000000000002,11.256,1178.9596533120002,50,37,6,5,2,0
3NXU_ORTHOSTERIC_RIT_config_0_model_4.pdb,/data/server2/jl126/boltz-hackthon/boltz-hackathon-template/my_intermediate/predictions/boltz_results_3NXU_ORTHOSTERIC_RIT_config_0/predictions/3NXU_ORTHOSTERIC_RIT_config_0/3NXU_ORTHOSTERIC_RIT_config_0_model_4.pdb,3NXU_ORTHOSTERIC_RIT_config_0_model_4,0.8860335350036621,0.9412724375724792,0.9202145338058472,0.9202145338058472,0.0,0.8774883151054382,0.8073011040687561,0.584551990032196,1.8002907037734985,0.9443924427032471,0.8539784550666809,0.9443924427032471,0.512575626373291,0.9202145338058472,0.8539784550666809,2.3134109016774342,23.11453733769389,92,380,975,7.658633463340035,22.91626019874977,201,4.02,122,29,26,2,0.6500077954758697,37,13.704,13.419,12.616,2320.006401216,10.564,12.832,16.547,2243.0657826560005,50,37,6,5,2,0
3NXU_ORTHOSTERIC_RIT_config_0_model_40.pdb,/data/server2/jl126/boltz-hackthon/boltz-hackathon-template/my_intermediate/predictions/boltz_results_3NXU_ORTHOSTERIC_RIT_config_0/predictions/3NXU_ORTHOSTERIC_RIT_config_0/3NXU_ORTHOSTERIC_RIT_config_0_model_40.pdb,3NXU_ORTHOSTERIC_RIT_config_0_model_40,0.8623484969139099,0.928924024105072,0.845409095287323,0.845409095287323,0.0,0.8665832877159119,0.7695645093917847,0.7395684719085693,2.603001356124878,0.9382945895195007,0.761381983757019,0.9382945895195007,0.3190830945968628,0.845409095287323,0.761381983757019,2.66838846497282,23.39901305201241,82,353,960,8.10853065852498,22.97804303019639,178,3.56,110,27,27,1,1.882348795255104,38,13.788,12.254,14.427,2437.5592589039998,13.668,18.21,10.672,2656.19975616,50,37,6,5,2,0
3NXU_ORTHOSTERIC_RIT_config_0_model_41.pdb,/data/server2/jl126/boltz-hackthon/boltz-hackathon-template/my_intermediate/predictions/boltz_results_3NXU_ORTHOSTERIC_RIT_config_0/predictions/3NXU_ORTHOSTERIC_RIT_config_0/3NXU_ORTHOSTERIC_RIT_config_0_model_41.pdb,3NXU_ORTHOSTERIC_RIT_config_0_model_41,0.8621134161949158,0.9427089095115662,0.8740183711051941,0.8740183711051941,0.0,0.8591371774673462,0.7181932330131531,0.667856752872467,2.409454345703125,0.9506868720054626,0.8100166916847229,0.9506868720054626,0.4632801115512848,0.8740183711051941,0.8100166916847229,2.655537233781519,23.19019035833723,71,314,836,7.8542976175072905,22.873660824075547,169,3.38,104,20,23,2,0.5943554915796905,34,14.933,13.286000000000001,14.059999999999999,2789.50172228,7.857,17.202,8.814,1191.2659887960003,50,37,6,5,2,0
3NXU_ORTHOSTERIC_RIT_config_0_model_42.pdb,/data/server2/jl126/boltz-hackthon/boltz-hackathon-template/my_intermediate/predictions/boltz_results_3NXU_ORTHOSTERIC_RIT_config_0/predictions/3NXU_ORTHOSTERIC_RIT_config_0/3NXU_ORTHOSTERIC_RIT_config_0_model_42.pdb,3NXU_ORTHOSTERIC_RIT_config_0_model_42,0.8615990877151489,0.9329757690429688,0.8825588226318359,0.8825588226318359,0.0,0.8563591241836548,0.7036941647529602,0.6453244686126709,1.9577072858810425,0.9389703869819641,0.8164573311805725,0.9389703869819641,0.3942769765853882,0.8825588226318359,0.8164573311805725,1.5416309545413256,23.09557528168615,88,380,942,7.764198240045661,22.82035965969684,197,3.94,115,25,25,4,0.5889381668139647,38,14.003,13.866,14.729,2859.8650929419996,12.588999999999999,12.030999999999999,9.597999999999999,1453.6963698819995,50,37,6,5,2,0
3NXU_ORTHOSTERIC_RIT_config_0_model_43.pdb,/data/server2/jl126/boltz-hackthon/boltz-hackathon-template/my_intermediate/predictions/boltz_results_3NXU_ORTHOSTERIC_RIT_config_0/predictions/3NXU_ORTHOSTERIC_RIT_config_0/3NXU_ORTHOSTERIC_RIT_config_0_model_43.pdb,3NXU_ORTHOSTERIC_RIT_config_0_model_43,0.8613545298576355,0.9355224370956421,0.8573981523513794,0.8573981523513794,0.0,0.8623436093330383,0.7650702595710754,0.7594454884529114,3.0984854698181152,0.9441688060760498,0.8077015280723572,0.9441688060760498,0.35506588220596313,0.8573981523513794,0.8077015280723572,2.5461871494452253,23.735570896002717,63,317,859,8.327964328627948,23.259790539871574,161,3.22,84,25,24,1,1.8026146919670047,38,13.357,14.626000000000001,11.48,2242.7268533600004,12.886,9.174,17.838,2108.739933432,50,37,6,5,2,0
3NXU_ORTHOSTERIC_RIT_config_0_model_44.pdb,/data/server2/jl126/boltz-hackthon/boltz-hackathon-template/my_intermediate/predictions/boltz_results_3NXU_ORTHOSTERIC_RIT_config_0/predictions/3NXU_ORTHOSTERIC_RIT_config_0/3NXU_ORTHOSTERIC_RIT_config_0_model_44.pdb,3NXU_ORTHOSTERIC_RIT_config_0_model_44,0.8604182600975037,0.9282375574111938,0.820574164390564,0.820574164390564,0.0,0.8703792095184326,0.760346531867981,0.7743151783943176,2.945420265197754,0.940389096736908,0.8020781874656677,0.940389096736908,0.3379668891429901,0.820574164390564,0.8020781874656677,1.8046877846320122,23.23610321492207,91,333,849,7.888540039652896,22.898966101114254,191,3.82,89,50,29,1,1.2037238561960593,35,10.552999999999999,14.341,14.972,2265.8710589559996,19.531,7.734,11.027999999999999,1665.8097711119997,50,37,6,5,2,0
3NXU_ORTHOSTERIC_RIT_config_0_model_45.pdb,/data/server2/jl126/boltz-hackthon/boltz-hackathon-template/my_intermediate/predictions/boltz_results_3NXU_ORTHOSTERIC_RIT_config_0/predictions/3NXU_ORTHOSTERIC_RIT_config_0/3NXU_ORTHOSTERIC_RIT_config_0_model_45.pdb,3NXU_ORTHOSTERIC_RIT_config_0_model_45,0.8599951863288879,0.9340338706970215,0.8511899709701538,0.8511899709701538,0.0,0.8621965050697327,0.7318490743637085,0.7249895930290222,2.6318557262420654,0.9430841207504272,0.7765752673149109,0.9430841207504272,0.37398260831832886,0.8511899709701538,0.7765752673149109,2.7510212649123598,23.02808185391818,91,364,943,7.6360721419156565,22.82627655791879,211,4.22,158,30,31,2,1.0797541210860635,37,12.873000000000001,14.347,14.338999999999999,2648.2545816089996,16.787,8.023,14.564,1961.5101189639997,50,37,6,5,2,0
3NXU_ORTHOSTERIC_RIT_config_0_model_46.pdb,/data/server2/jl126/boltz-hackthon/boltz-hackathon-template/my_intermediate/predictions/boltz_results_3NXU_ORTHOSTERIC_RIT_config_0/predictions/3NXU_ORTHOSTERIC_RIT_config_0/3NXU_ORTHOSTERIC_RIT_config_0_model_46.pdb,3NXU_ORTHOSTERIC_RIT_config_0_model_46,0.8596092462539673,0.9278887510299683,0.8489940762519836,0.8489940762519836,0.0,0.862263023853302,0.7391459941864014,0.7457457780838013,2.671011209487915,0.9376279711723328,0.8176658153533936,0.9376279711723328,0.38925430178642273,0.8489940762519836,0.8176658153533936,2.2638840518012397,23.022819126096568,66,312,831,7.6181043146459775,22.829051622874005,164,3.28,71,36,20,3,0.8137488483329884,35,15.156,13.141,14.431000000000001,2874.150057276,7.457000000000001,14.277999999999999,12.304,1310.019749984,50,37,6,5,2,0
3NXU_ORTHOSTERIC_RIT_config_0_model_47.pdb,/data/server2/jl126/boltz-hackthon/boltz-hackathon-template/my_intermediate/predictions/boltz_results_3NXU_ORTHOSTERIC_RIT_config_0/predictions/3NXU_ORTHOSTERIC_RIT_config_0/3NXU_ORTHOSTERIC_RIT_config_0_model_47.pdb,3NXU_ORTHOSTERIC_RIT_config_0_model_47,0.8512793779373169,0.9244994521141052,0.8135194182395935,0.8135194182395935,0.0,0.8607193827629089,0.7413749098777771,0.8167617321014404,3.0708045959472656,0.9376546144485474,0.7546753287315369,0.9376546144485474,0.30010080337524414,0.8135194182395935,0.7546753287315369,2.2658342834373397,22.973310906529093,85,362,874,7.704416615712212,22.703603700707617,190,3.8,90,37,27,4,1.3453404476962147,37,14.527,13.334,13.562000000000001,2627.000330116,11.312,13.091,12.462,1845.4401551039998,50,37,6,5,2,0
3NXU_ORTHOSTERIC_RIT_config_0_model_48.pdb,/data/server2/jl126/boltz-hackthon/boltz-hackathon-template/my_intermediate/predictions/boltz_results_3NXU_ORTHOSTERIC_RIT_config_0/predictions/3NXU_ORTHOSTERIC_RIT_config_0/3NXU_ORTHOSTERIC_RIT_config_0_model_48.pdb,3NXU_ORTHOSTERIC_RIT_config_0_model_48,0.8390576243400574,0.9190670251846313,0.7736817598342896,0.7736817598342896,0.0,0.8554015755653381,0.7167856693267822,0.9425632357597351,3.9990944862365723,0.9346672296524048,0.7203285098075867,0.9346672296524048,0.22713153064250946,0.7736817598342896,0.7203285098075867,2.523620613325228,23.56612160731644,81,328,829,8.196987944795998,23.124292864863264,174,3.48,94,26,24,3,1.0214327102834484,43,14.398,14.405000000000001,15.43,3200.2312217000003,9.781,14.715,11.553999999999998,1662.9373529099998,50,37,6,5,2,0
3NXU_ORTHOSTERIC_RIT_config_0_model_49.pdb,/data/server2/jl126/boltz-hackthon/boltz-hackathon-template/my_intermediate/predictions/boltz_results_3NXU_ORTHOSTERIC_RIT_config_0/predictions/3NXU_ORTHOSTERIC_RIT_config_0/3NXU_ORTHOSTERIC_RIT_config_0_model_49.pdb,3NXU_ORTHOSTERIC_RIT_config_0_model_49,0.8377158045768738,0.9213187098503113,0.7858219146728516,0.7858219146728516,0.0,0.8506892919540405,0.6788078546524048,0.8336197137832642,2.9966883659362793,0.9362064599990845,0.731565535068512,0.9362064599990845,0.24176110327243805,0.7858219146728516,0.731565535068512,2.4699971659902773,22.84624771415223,109,359,901,7.437447373608083,22.7393817417722,200,4.0,118,52,26,1,1.2106538961342337,40,15.264,15.39,14.100999999999999,3312.5076489599996,10.905999999999999,11.825,10.254,1322.3912162999995,50,37,6,5,2,0
3NXU_ORTHOSTERIC_RIT_config_0_model_5.pdb,/data/server2/jl126/boltz-hackthon/boltz-hackathon-template/my_intermediate/predictions/boltz_results_3NXU_ORTHOSTERIC_RIT_config_0/predictions/3NXU_ORTHOSTERIC_RIT_config_0/3NXU_ORTHOSTERIC_RIT_config_0_model_5.pdb,3NXU_ORTHOSTERIC_RIT_config_0_model_5,0.8848784565925598,0.9380510449409485,0.9206830263137817,0.9206830263137817,0.0,0.8759273290634155,0.8062065839767456,0.5700990557670593,1.6061958074569702,0.9400733113288879,0.8760858178138733,0.9400733113288879,0.5172808170318604,0.9206830263137817,0.8760858178138733,2.857196003077142,23.531205782109694,78,332,898,8.160176533682906,23.121980905562665,188,3.76,100,33,28,2,0.20452754948388233,37,13.464,12.922,14.988,2607.639338304,13.205,15.405000000000001,11.374,2313.7334863500005,50,37,6,5,2,0
3NXU_ORTHOSTERIC_RIT_config_0_model_6.pdb,/data/server2/jl126/boltz-hackthon/boltz-hackathon-template/my_intermediate/predictions/boltz_results_3NXU_ORTHOSTERIC_RIT_config_0/predictions/3NXU_ORTHOSTERIC_RIT_config_0/3NXU_ORTHOSTERIC_RIT_config_0_model_6.pdb,3NXU_ORTHOSTERIC_RIT_config_0_model_6,0.8848564028739929,0.9386705756187439,0.915936291217804,0.915936291217804,0.0,0.8770864605903625,0.7915475368499756,0.5929419994354248,1.7275609970092773,0.9422666430473328,0.8650205731391907,0.9422666430473328,0.4899027645587921,0.915936291217804,0.8650205731391907,2.011073842503054,23.083888091712726,74,321,867,7.549194851670826,22.941363941192733,165,3.3,113,22,26,3,0.33224239800447936,41,14.582,14.899,12.184999999999999,2647.2792013299995,14.977,6.920999999999999,12.003,1244.180771451,50,37,6,5,2,0
3NXU_ORTHOSTERIC_RIT_config_0_model_7.pdb,/data/server2/jl126/boltz-hackthon/boltz-hackathon-template/my_intermediate/predictions/boltz_results_3NXU_ORTHOSTERIC_RIT_config_0/predictions/3NXU_ORTHOSTERIC_RIT_config_0/3NXU_ORTHOSTERIC_RIT_config_0_model_7.pdb,3NXU_ORTHOSTERIC_RIT_config_0_model_7,0.8836750984191895,0.9425138235092163,0.9073747992515564,0.9073747992515564,0.0,0.8777502179145813,0.8125343918800354,0.6019760370254517,1.9016577005386353,0.9471220374107361,0.818627119064331,0.9471220374107361,0.468691885471344,0.9073747992515564,0.818627119064331,2.547749398979421,23.324002059429382,75,397,938,8.081894984388938,22.937736483790758,220,4.4,93,38,28,3,1.3900572083027556,33,15.0,14.294,10.963000000000001,2350.57683,11.32,14.14,15.36,2458.5953280000003,50,37,6,5,2,0
3NXU_ORTHOSTERIC_RIT_config_0_model_8.pdb,/data/server2/jl126/boltz-hackthon/boltz-hackathon-template/my_intermediate/predictions/boltz_results_3NXU_ORTHOSTERIC_RIT_config_0/predictions/3NXU_ORTHOSTERIC_RIT_config_0/3NXU_ORTHOSTERIC_RIT_config_0_model_8.pdb,3NXU_ORTHOSTERIC_RIT_config_0_model_8,0.8804578185081482,0.9377182722091675,0.9082282185554504,0.9082282185554504,0.0,0.8735151290893555,0.8028985261917114,0.6200019717216492,1.966760277748108,0.9422009587287903,0.8772187232971191,0.9422009587287903,0.52886962890625,0.9082282185554504,0.8772187232971191,2.34587318497825,23.083586645302017,88,378,919,7.768528674096898,22.809874353007736,199,3.98,90,36,31,6,0.7954955575097384,38,12.415,15.338000000000001,14.562,2772.9145337399996,17.094,9.965,8.475,1443.64599225,50,37,6,5,2,0
3NXU_ORTHOSTERIC_RIT_config_0_model_9.pdb,/data/server2/jl126/boltz-hackthon/boltz-hackathon-template/my_intermediate/predictions/boltz_results_3NXU_ORTHOSTERIC_RIT_config_0/predictions/3NXU_ORTHOSTERIC_RIT_config_0/3NXU_ORTHOSTERIC_RIT_config_0_model_9.pdb,3NXU_ORTHOSTERIC_RIT_config_0_model_9,0.877800464630127,0.9375447034835815,0.893347442150116,0.893347442150116,0.0,0.8739137053489685,0.8018629550933838,0.6223664879798889,1.9356229305267334,0.9424111247062683,0.8341602087020874,0.9424111247062683,0.45006054639816284,0.893347442150116,0.8341602087020874,2.5760491066747933,23.26984504772978,85,338,889,7.997065815349756,22.88178356241587,181,3.62,118,33,26,1,0.6565462727064167,32,14.543,14.708,11.968,2559.9365777919998,11.58,8.565,15.809000000000001,1567.9793043,50,37,6,5,2,0
